country,year,population,yearly_growth
Afghanistan,1952,8425333,0.0
Afghanistan,1957,9240934,9.680341417959387
Afghanistan,1962,10267083,11.104386201654508
Afghanistan,1967,11537966,12.378228558199051
Afghanistan,1972,13079460,13.360188442226297
Afghanistan,1977,14880372,13.769008812290414
Afghanistan,1982,12881816,-13.430820143474909
Afghanistan,1987,13867957,7.655294874573585
Afghanistan,1992,16317921,17.666365709094713
Afghanistan,1997,22227415,36.2147481900421
Afghanistan,2002,25268405,13.681258032029364
Afghanistan,2007,31889923,26.204732748268043
Albania,1952,1282697,0.0
Albania,1957,1476505,15.109413992548513
Albania,1962,1728137,17.042407577353277
Albania,1967,1984060,14.809184688482452
Albania,1972,2263554,14.086973176214428
Albania,1977,2509048,10.845511085664402
Albania,1982,2780097,10.802862280833208
Albania,1987,3075321,10.619197819356662
Albania,1992,3326498,8.167505115726131
Albania,1997,3428038,3.052459373190665
Albania,2002,3508512,2.347523568875258
Albania,2007,3600523,2.622507775376
Algeria,1952,9279525,0.0
Algeria,1957,10270856,10.68299293336674
Algeria,1962,11000948,7.108385123888408
Algeria,1967,12760499,15.994539743302122
Algeria,1972,14760787,15.675625224374063
Algeria,1977,17152804,16.20521317731907
Algeria,1982,20033753,16.79579035590916
Algeria,1987,23254956,16.07887947904719
Algeria,1992,26298373,13.087175912093748
Algeria,1997,29072015,10.546819759534173
Algeria,2002,31287142,7.6194477747758445
Algeria,2007,33333216,6.53966412144644
Angola,1952,4232095,0.0
Angola,1957,4561361,7.780212873293251
Angola,1962,4826015,5.8020840709604
Angola,1967,5247469,8.732960838289976
Angola,1972,5894858,12.33716673695452
Angola,1977,6162675,4.543230727525582
Angola,1982,7016384,13.852896672305452
Angola,1987,7874230,12.226326267205444
Angola,1992,8735988,10.944028812975999
Angola,1997,9875024,13.038433660852098
Angola,2002,10866106,10.036249025825153
Angola,2007,12420476,14.304756460133925
Argentina,1952,17876956,0.0
Argentina,1957,19610538,9.697299696883519
Argentina,1962,21283783,8.532376827193625
Argentina,1967,22934225,7.754457936354642
Argentina,1972,24779799,8.047248162952966
Argentina,1977,26983828,8.89445874843456
Argentina,1982,29341374,8.736884922331999
Argentina,1987,31620918,7.769043126610225
Argentina,1992,33958947,7.393931447531029
Argentina,1997,36203463,6.609498227374365
Argentina,2002,38331121,5.87694608109727
Argentina,2007,40301927,5.141529776809815
Australia,1952,8691212,0.0
Australia,1957,9712569,11.751606105109392
Australia,1962,10794968,11.14431207644445
Australia,1967,11872264,9.97961272326143
Australia,1972,13177000,10.98978257222043
Australia,1977,14074100,6.8080746755710715
Australia,1982,15184200,7.8875381019034965
Australia,1987,16257249,7.066878729205358
Australia,1992,17481977,7.5334270884329815
Australia,1997,18565243,6.19647308768339
Australia,2002,19546792,5.287024791434187
Australia,2007,20434176,4.539793537476636
Austria,1952,6927772,0.0
Austria,1957,6965860,0.5497871465746852
Austria,1962,7129864,2.3543970163052372
Austria,1967,7376998,3.4661811221083596
Austria,1972,7544201,2.266545280343034
Austria,1977,7568430,0.3211605841360802
Austria,1982,7574613,0.08169461830260702
Austria,1987,7578903,0.056636556877559294
Austria,1992,7914969,4.434230125388859
Austria,1997,8069876,1.9571396931560945
Austria,2002,8148312,0.971960411783279
Austria,2007,8199783,0.6316768430074843
Bahrain,1952,120447,0.0
Bahrain,1957,138655,15.117022424800949
Bahrain,1962,171863,23.95009195485197
Bahrain,1967,202182,17.641377143422375
Bahrain,1972,230800,14.154573602002158
Bahrain,1977,297410,28.860485268630846
Bahrain,1982,377967,27.086177330957263
Bahrain,1987,454612,20.27822534771554
Bahrain,1992,529491,16.47096865018961
Bahrain,1997,598561,13.044603213274636
Bahrain,2002,656397,9.662507246546301
Bahrain,2007,708573,7.9488480294699695
Bangladesh,1952,46886859,0.0
Bangladesh,1957,51365468,9.551949299909385
Bangladesh,1962,56839289,10.656616620333335
Bangladesh,1967,62821884,10.52545713582026
Bangladesh,1972,70759295,12.634786629449064
Bangladesh,1977,80428306,13.664651407281545
Bangladesh,1982,93074406,15.723444430123893
Bangladesh,1987,103764241,11.485257289743005
Bangladesh,1992,113704579,9.579733735054257
Bangladesh,1997,123315288,8.45235001485736
Bangladesh,2002,135656790,10.008087561697947
Bangladesh,2007,150448339,10.903655467595835
Belgium,1952,8730405,0.0
Belgium,1957,8989111,2.9632760450402933
Belgium,1962,9218400,2.550741669559982
Belgium,1967,9556500,3.6676646706586826
Belgium,1972,9709100,1.5968189190603252
Belgium,1977,9821800,1.160766703401963
Belgium,1982,9856303,0.35128998757865154
Belgium,1987,9870200,0.14099607124496882
Belgium,1992,10045622,1.77728921399769
Belgium,1997,10199787,1.534648626038288
Belgium,2002,10311970,1.0998563009207938
Belgium,2007,10392226,0.7782799988750937
Benin,1952,1738315,0.0
Benin,1957,1925173,10.749375113256228
Benin,1962,2151895,11.776707859501458
Benin,1967,2427334,12.799834564418802
Benin,1972,2761407,13.76295969157932
Benin,1977,3168267,14.733793316233355
Benin,1982,3641603,14.939902476653641
Benin,1987,4243788,16.536261640821365
Benin,1992,4981671,17.387367135210336
Benin,1997,6066080,21.767977050270883
Benin,2002,7026113,15.82625023079155
Benin,2007,8078314,14.97557753483327
Bolivia,1952,2883315,0.0
Bolivia,1957,3211738,11.390465488508887
Bolivia,1962,3593918,11.899476233740112
Bolivia,1967,4040665,12.430639764179372
Bolivia,1972,4565872,12.99803373949585
Bolivia,1977,5079716,11.254016757368582
Bolivia,1982,5642224,11.07361120188609
Bolivia,1987,6156369,9.112452820022742
Bolivia,1992,6893451,11.972674152572726
Bolivia,1997,7693188,11.60140254859286
Bolivia,2002,8445134,9.774179442904554
Bolivia,2007,9119152,7.9811403821419535
Bosnia and Herzegovina,1952,2791000,0.0
Bosnia and Herzegovina,1957,3076000,10.211393765675385
Bosnia and Herzegovina,1962,3349000,8.87516254876463
Bosnia and Herzegovina,1967,3585000,7.046879665571812
Bosnia and Herzegovina,1972,3819000,6.527196652719665
Bosnia and Herzegovina,1977,4086000,6.991358994501179
Bosnia and Herzegovina,1982,4172693,2.1217082721488008
Bosnia and Herzegovina,1987,4338977,3.9850523391009114
Bosnia and Herzegovina,1992,4256013,-1.9120636039324477
Bosnia and Herzegovina,1997,3607000,-15.24931902228682
Bosnia and Herzegovina,2002,4165416,15.481452730801221
Bosnia and Herzegovina,2007,4552198,9.285555152234496
Botswana,1952,442308,0.0
Botswana,1957,474639,7.309612306356657
Botswana,1962,512764,8.032420428999725
Botswana,1967,553541,7.952391353527159
Botswana,1972,619351,11.888911571139266
Botswana,1977,781472,26.175948694682017
Botswana,1982,970347,24.169132099422626
Botswana,1987,1151184,18.63632288243278
Botswana,1992,1342614,16.62896635116541
Botswana,1997,1536536,14.443615216287034
Botswana,2002,1630347,6.105356464150531
Botswana,2007,1639131,0.538781007969469
Brazil,1952,56602560,0.0
Brazil,1957,65551171,15.809551723455616
Brazil,1962,76039390,16.000048267635066
Brazil,1967,88049823,15.795014925816739
Brazil,1972,100840058,14.526133686833193
Brazil,1977,114313951,13.361647411983837
Brazil,1982,128962939,12.814698356458699
Brazil,1987,142938076,10.836552817705247
Brazil,1992,155975974,9.121361057077612
Brazil,1997,168546719,8.059411124433819
Brazil,2002,179914212,6.744416662302396
Brazil,2007,190010647,5.611805141886179
Bulgaria,1952,7274900,0.0
Bulgaria,1957,7651254,5.173321970061444
Bulgaria,1962,8012946,4.7272251058453945
Bulgaria,1967,8310226,3.709996298489968
Bulgaria,1972,8576200,3.2005627765117337
Bulgaria,1977,8797022,2.574823348336093
Bulgaria,1982,8892098,1.0807748349384598
Bulgaria,1987,8971958,0.898100763171976
Bulgaria,1992,8658506,-3.493685547792355
Bulgaria,1997,8066057,-6.842392902424506
Bulgaria,2002,7661799,-5.011841597449659
Bulgaria,2007,7322858,-4.423778279748659
Burkina Faso,1952,4469979,0.0
Burkina Faso,1957,4713416,5.446043482530903
Burkina Faso,1962,4919632,4.375085924942759
Burkina Faso,1967,5127935,4.234117511228482
Burkina Faso,1972,5433886,5.966358777948629
Burkina Faso,1977,5889574,8.386042695779778
Burkina Faso,1982,6634596,12.649845302903062
Burkina Faso,1987,7586551,14.348349168510035
Burkina Faso,1992,8878303,17.026867676761153
Burkina Faso,1997,10352843,16.608354096497948
Burkina Faso,2002,12251209,18.33666365847526
Burkina Faso,2007,14326203,16.937054946985235
Burundi,1952,2445618,0.0
Burundi,1957,2667518,9.073371229685094
Burundi,1962,2961915,11.036364140748066
Burundi,1967,3330989,12.460654677801356
Burundi,1972,3529983,5.974021529341586
Burundi,1977,3834415,8.624177510203307
Burundi,1982,4580410,19.455249366591776
Burundi,1987,5126023,11.91188125080506
Burundi,1992,5809236,13.328324902170746
Burundi,1997,6121610,5.3771958997706415
Burundi,2002,7021078,14.693324141851571
Burundi,2007,8390505,19.504511985196576
Cambodia,1952,4693836,0.0
Cambodia,1957,5322536,13.394162045712719
Cambodia,1962,6083619,14.299255091933619
Cambodia,1967,6960067,14.406687861287828
Cambodia,1972,7450606,7.047906291706675
Cambodia,1977,6978607,-6.335041740228915
Cambodia,1982,7272485,4.211126948401021
Cambodia,1987,8371791,15.115961050452492
Cambodia,1992,10150094,21.24160767988594
Cambodia,1997,11782962,16.087220473032072
Cambodia,2002,12926707,9.706769825787438
Cambodia,2007,14131858,9.322954407491405
Cameroon,1952,5009067,0.0
Cameroon,1957,5359923,7.004418188057776
Cameroon,1962,5793633,8.09172072061483
Cameroon,1967,6335506,9.352905163305996
Cameroon,1972,7021028,10.820319639820402
Cameroon,1977,7959865,13.371788290831486
Cameroon,1982,9250831,16.218440890643247
Cameroon,1987,10780667,16.537281893918504
Cameroon,1992,12467171,15.643781595331719
Cameroon,1997,14195809,13.865519290623348
Cameroon,2002,15929988,12.216133649022751
Cameroon,2007,17696293,11.087924234468979
Canada,1952,14785584,0.0
Canada,1957,17010154,15.045533541319708
Canada,1962,18985849,11.614797843687953
Canada,1967,20819767,9.659394215133597
Canada,1972,22284500,7.035299674583293
Canada,1977,23796400,6.784536336915793
Canada,1982,25201900,5.906355583197458
Canada,1987,26549700,5.348009475476055
Canada,1992,28523502,7.434366490016836
Canada,1997,30305843,6.248675215266345
Canada,2002,31902268,5.267713556095437
Canada,2007,33390141,4.6638470970151715
Central African Republic,1952,1291695,0.0
Central African Republic,1957,1392284,7.787364664258978
Central African Republic,1962,1523478,9.42293382671926
Central African Republic,1967,1733638,13.794751220562423
Central African Republic,1972,1927260,11.168536914857658
Central African Republic,1977,2167533,12.467077612776688
Central African Republic,1982,2476971,14.27604562421887
Central African Republic,1987,2840009,14.656530092601002
Central African Republic,1992,3265124,14.9687905918608
Central African Republic,1997,3696513,13.212025025695809
Central African Republic,2002,4048013,9.508961553767023
Central African Republic,2007,4369038,7.930434017874943
Chad,1952,2682462,0.0
Chad,1957,2894855,7.917838165088639
Chad,1962,3150417,8.828145105713412
Chad,1967,3495967,10.968389264024413
Chad,1972,3899068,11.53045781038551
Chad,1977,4388260,12.546382879190618
Chad,1982,4875118,11.09455684029661
Chad,1987,5498955,12.796346673044631
Chad,1992,6429417,16.920705843201116
Chad,1997,7562011,17.61581182244051
Chad,2002,8835739,16.843773435399658
Chad,2007,10238807,15.879464071992167
Chile,1952,6377619,0.0
Chile,1957,7048426,10.518141645024578
Chile,1962,7961258,12.95086307212419
Chile,1967,8858908,11.275228110934227
Chile,1972,9717524,9.692120067168549
Chile,1977,10599793,9.079154319557121
Chile,1982,11487112,8.371097435581996
Chile,1987,12463354,8.498585197045177
Chile,1992,13572994,8.903221396102525
Chile,1997,14599929,7.566016753562257
Chile,2002,15497046,6.144666867900522
Chile,2007,16284741,5.082871922816774
China,1952,556263527,0.0
China,1957,637408000,14.587415687241345
China,1962,665770000,4.449583312415282
China,1967,754550000,13.334935488231672
China,1972,862030000,14.24425154065337
China,1977,943455000,9.445726946857997
China,1982,1000281000,6.023180755838911
China,1987,1084035000,8.373047173744178
China,1992,1164970000,7.466087349578196
China,1997,1230075000,5.588555928478845
China,2002,1280400000,4.09121395036888
China,2007,1318683096,2.98993252108716
Colombia,1952,12350771,0.0
Colombia,1957,14485993,17.288167677953062
Colombia,1962,17009885,17.422982325063945
Colombia,1967,19764027,16.19142045933879
Colombia,1972,22542890,14.060206454888977
Colombia,1977,25094412,11.318522159314977
Colombia,1982,27764644,10.640743445194094
Colombia,1987,30964245,11.524012337417329
Colombia,1992,34202721,10.458759772763715
Colombia,1997,37657830,10.101854177040476
Colombia,2002,41008227,8.896946531438482
Colombia,2007,44227550,7.850432060864275
Comoros,1952,153936,0.0
Comoros,1957,170928,11.038353601496725
Comoros,1962,191689,12.14604979874567
Comoros,1967,217378,13.401394967890697
Comoros,1972,250027,15.019459190902484
Comoros,1977,304739,21.88243669683674
Comoros,1982,348643,14.407082782315358
Comoros,1987,395114,13.329107425073786
Comoros,1992,454429,15.012123083464518
Comoros,1997,527982,16.18580680370311
Comoros,2002,614382,16.364194233894338
Comoros,2007,710960,15.719536054116167
"Congo, Dem. Rep.",1952,14100005,0.0
"Congo, Dem. Rep.",1957,15577932,10.481748056117711
"Congo, Dem. Rep.",1962,17486434,12.251318082528542
"Congo, Dem. Rep.",1967,19941073,14.037390356432876
"Congo, Dem. Rep.",1972,23007669,15.3782898242236
"Congo, Dem. Rep.",1977,26480870,15.095840434769814
"Congo, Dem. Rep.",1982,30646495,15.730695403889674
"Congo, Dem. Rep.",1987,35481645,15.77717125563625
"Congo, Dem. Rep.",1992,41672143,17.4470433938449
"Congo, Dem. Rep.",1997,47798986,14.702490822226252
"Congo, Dem. Rep.",2002,55379852,15.859888743246561
"Congo, Dem. Rep.",2007,64606759,16.661126143854627
"Congo, Rep.",1952,854885,0.0
"Congo, Rep.",1957,940458,10.009884370412395
"Congo, Rep.",1962,1047924,11.426985575113402
"Congo, Rep.",1967,1179760,12.580683331997358
"Congo, Rep.",1972,1340458,13.621244998982842
"Congo, Rep.",1977,1536769,14.645069073406253
"Congo, Rep.",1982,1774735,15.484825630917854
"Congo, Rep.",1987,2064095,16.30440600991134
"Congo, Rep.",1992,2409073,16.713281123204116
"Congo, Rep.",1997,2800947,16.266588849735978
"Congo, Rep.",2002,3328795,18.845340522330485
"Congo, Rep.",2007,3800610,14.173747557299263
Costa Rica,1952,926317,0.0
Costa Rica,1957,1112300,20.07768398939024
Costa Rica,1962,1345187,20.937426953160116
Costa Rica,1967,1588717,18.103802668327898
Costa Rica,1972,1834796,15.489165156538261
Costa Rica,1977,2108457,14.915064127020116
Costa Rica,1982,2424367,14.982994673355918
Costa Rica,1987,2799811,15.486269199341518
Costa Rica,1992,3173216,13.336793090676476
Costa Rica,1997,3518107,10.868815737724756
Costa Rica,2002,3834934,9.005610119305638
Costa Rica,2007,4133884,7.7954405473470985
Cote d'Ivoire,1952,2977019,0.0
Cote d'Ivoire,1957,3300000,10.849141372628122
Cote d'Ivoire,1962,3832408,16.13357575757576
Cote d'Ivoire,1967,4744870,23.809103832368578
Cote d'Ivoire,1972,6071696,27.963379397117304
Cote d'Ivoire,1977,7459574,22.858160224095542
Cote d'Ivoire,1982,9025951,20.998209817343458
Cote d'Ivoire,1987,10761098,19.22397983326078
Cote d'Ivoire,1992,12772596,18.692311881185358
Cote d'Ivoire,1997,14625967,14.510527069046889
Cote d'Ivoire,2002,16252726,11.122403052051192
Cote d'Ivoire,2007,18013409,10.83315500427436
Croatia,1952,3882229,0.0
Croatia,1957,3991242,2.8080002493412937
Croatia,1962,4076557,2.137555177060173
Croatia,1967,4174366,2.399304118647182
Croatia,1972,4225310,1.220400894411271
Croatia,1977,4318673,2.209613022476457
Croatia,1982,4413368,2.192687429680367
Croatia,1987,4484310,1.607434503535622
Croatia,1992,4494013,0.2163766554943793
Croatia,1997,4444595,-1.0996407887560626
Croatia,2002,4481020,0.8195347382607415
Croatia,2007,4493312,0.2743125449116496
Cuba,1952,6007797,0.0
Cuba,1957,6640752,10.535559041026186
Cuba,1962,7254373,9.2402336361906
Cuba,1967,8139332,12.198972950522394
Cuba,1972,8831348,8.50212277862606
Cuba,1977,9537988,8.001496487285973
Cuba,1982,9789224,2.6340565746151077
Cuba,1987,10239839,4.603173857294511
Cuba,1992,10723260,4.720982429508902
Cuba,1997,10983007,2.422276434591719
Cuba,2002,11226999,2.2215409677877838
Cuba,2007,11416987,1.6922420675373713
Czech Republic,1952,9125183,0.0
Czech Republic,1957,9513758,4.258270765638343
Czech Republic,1962,9620282,1.119683725400625
Czech Republic,1967,9835109,2.2330634382651153
Czech Republic,1972,9862158,0.2750249132978598
Czech Republic,1977,10161915,3.039466615724469
Czech Republic,1982,10303704,1.3952980319162283
Czech Republic,1987,10311597,0.07660352044274564
Czech Republic,1992,10315702,0.039809546474711924
Czech Republic,1997,10300707,-0.14536092647887658
Czech Republic,2002,10256295,-0.4311548712141798
Czech Republic,2007,10228744,-0.26862526867645675
Denmark,1952,4334000,0.0
Denmark,1957,4487831,3.5494000922934936
Denmark,1962,4646899,3.544429369109488
Denmark,1967,4838800,4.129657218717257
Denmark,1972,4991596,3.1577250557989585
Denmark,1977,5088419,1.9397202818497332
Denmark,1982,5117810,0.5776057356911842
Denmark,1987,5127024,0.18003794591827363
Denmark,1992,5171393,0.8653948177344205
Denmark,1997,5283663,2.170981783824977
Denmark,2002,5374693,1.7228577977058717
Denmark,2007,5468120,1.7382760280447644
Djibouti,1952,63149,0.0
Djibouti,1957,71851,13.780107365120589
Djibouti,1962,89898,25.11725654479409
Djibouti,1967,127617,41.95755189214443
Djibouti,1972,178848,40.14433813676862
Djibouti,1977,228694,27.870594023975663
Djibouti,1982,305991,33.799312618608276
Djibouti,1987,311025,1.6451464258752708
Djibouti,1992,384156,23.512900892211235
Djibouti,1997,417908,8.786014015139683
Djibouti,2002,447416,7.060884213750394
Djibouti,2007,496374,10.942389185903052
Dominican Republic,1952,2491346,0.0
Dominican Republic,1957,2923186,17.33360199667168
Dominican Republic,1962,3453434,18.139386272375415
Dominican Republic,1967,4049146,17.24984464738576
Dominican Republic,1972,4671329,15.365783303442257
Dominican Republic,1977,5302800,13.518015965049775
Dominican Republic,1982,5968349,12.55089763898318
Dominican Republic,1987,6655297,11.509849708855832
Dominican Republic,1992,7351181,10.456092342685833
Dominican Republic,1997,7992357,8.722081526764203
Dominican Republic,2002,8650322,8.232427555475812
Dominican Republic,2007,9319622,7.7372842305754626
Ecuador,1952,3548753,0.0
Ecuador,1957,4058385,14.360875496265871
Ecuador,1962,4681707,15.358868121186136
Ecuador,1967,5432424,16.03511283384458
Ecuador,1972,6298651,15.945496890522538
Ecuador,1977,7278866,15.562300562453771
Ecuador,1982,8365850,14.933425069234685
Ecuador,1987,9545158,14.096690712838505
Ecuador,1992,10748394,12.605721141546322
Ecuador,1997,11911819,10.824175220967895
Ecuador,2002,12921234,8.474062609581292
Ecuador,2007,13755680,6.457943567928575
Egypt,1952,22223309,0.0
Egypt,1957,25009741,12.538330812931594
Egypt,1962,28173309,12.64934330987274
Egypt,1967,31681188,12.451072041271404
Egypt,1972,34807417,9.86777705432006
Egypt,1977,38783863,11.424134114864081
Egypt,1982,45681811,17.785613568199743
Egypt,1987,52799062,15.580054389700093
Egypt,1992,59402198,12.50616156779452
Egypt,1997,66134291,11.333070537221534
Egypt,2002,73312559,10.854078710846087
Egypt,2007,80264543,9.482664491359523
El Salvador,1952,2042865,0.0
El Salvador,1957,2355805,15.318682340732256
El Salvador,1962,2747687,16.63473844397138
El Salvador,1967,3232927,17.659944527888367
El Salvador,1972,3790903,17.25915865096861
El Salvador,1977,4282586,12.97007599508613
El Salvador,1982,4474873,4.489974048390389
El Salvador,1987,4842194,8.20852345977193
El Salvador,1992,5274649,8.930972199792079
El Salvador,1997,5783439,9.645949901121382
El Salvador,2002,6353681,9.859912069618094
El Salvador,2007,6939688,9.223110193917512
Equatorial Guinea,1952,216964,0.0
Equatorial Guinea,1957,232922,7.3551372577939205
Equatorial Guinea,1962,249220,6.997192193094684
Equatorial Guinea,1967,259864,4.270925286895113
Equatorial Guinea,1972,277603,6.826262968321892
Equatorial Guinea,1977,192675,-30.593329322809915
Equatorial Guinea,1982,285483,48.16815881666018
Equatorial Guinea,1987,341244,19.53216128455985
Equatorial Guinea,1992,387838,13.654159487053253
Equatorial Guinea,1997,439971,13.44195256782471
Equatorial Guinea,2002,495627,12.64992465412493
Equatorial Guinea,2007,551201,11.212867741265105
Eritrea,1952,1438760,0.0
Eritrea,1957,1542611,7.21809057799772
Eritrea,1962,1666618,8.038773222802119
Eritrea,1967,1820319,9.222329292015328
Eritrea,1972,2260187,24.164336031212112
Eritrea,1977,2512642,11.169651006752982
Eritrea,1982,2637297,4.961112645573862
Eritrea,1987,2915959,10.56619713289781
Eritrea,1992,3668440,25.80560974965697
Eritrea,1997,4058319,10.627923586047475
Eritrea,2002,4414865,8.78555874981735
Eritrea,2007,4906585,11.137826411453124
Ethiopia,1952,20860941,0.0
Ethiopia,1957,22815614,9.37001355787354
Ethiopia,1962,25145372,10.211243931458517
Ethiopia,1967,27860297,10.796917221984229
Ethiopia,1972,30770372,10.445240407882228
Ethiopia,1977,34617799,12.503673988731759
Ethiopia,1982,38111756,10.092949583536493
Ethiopia,1987,42999530,12.824845960915576
Ethiopia,1992,52088559,21.137507782061803
Ethiopia,1997,59861301,14.922167457156954
Ethiopia,2002,67946797,13.507050239352466
Ethiopia,2007,76511887,12.605583159423983
Finland,1952,4090500,0.0
Finland,1957,4324000,5.708348612639042
Finland,1962,4491443,3.87240980573543
Finland,1967,4605744,2.5448614175889577
Finland,1972,4639657,0.736319691237724
Finland,1977,4738902,2.1390589864724916
Finland,1982,4826933,1.8576244032900449
Finland,1987,4931729,2.171068046728637
Finland,1992,5041039,2.216464043340581
Finland,1997,5134406,1.8521380215467484
Finland,2002,5193039,1.141962672994695
Finland,2007,5238460,0.8746516249926104
France,1952,42459667,0.0
France,1957,44310863,4.35989288375719
France,1962,47124000,6.348639610110957
France,1967,49569000,5.188439011968423
France,1972,51732000,4.3636143557465354
France,1977,53165019,2.7700823474831826
France,1982,54433565,2.3860538825350557
France,1987,55630100,2.1981565969452856
France,1992,57374179,3.1351354752193505
France,1997,58623428,2.177371461820831
France,2002,59925035,2.220284695736319
France,2007,61083916,1.933884560935175
Gabon,1952,420702,0.0
Gabon,1957,434904,3.3757861859463465
Gabon,1962,455661,4.772777440538602
Gabon,1967,489004,7.317501388093341
Gabon,1972,537977,10.014846504323073
Gabon,1977,706367,31.300594635086632
Gabon,1982,753874,6.725540689188482
Gabon,1987,880397,16.783043320236537
Gabon,1992,985739,11.965283843538767
Gabon,1997,1126189,14.248193487322707
Gabon,2002,1299304,15.371753764243834
Gabon,2007,1454867,11.972794665451657
Gambia,1952,284320,0.0
Gambia,1957,323150,13.657146876758583
Gambia,1962,374020,15.741915519108773
Gambia,1967,439593,17.531950163092883
Gambia,1972,517101,17.631763927087103
Gambia,1977,608274,17.631565206797127
Gambia,1982,715523,17.63169229656372
Gambia,1987,848406,18.57145053338607
Gambia,1992,1025384,20.860059924140092
Gambia,1997,1235767,20.51748418153589
Gambia,2002,1457766,17.964470648593142
Gambia,2007,1688359,15.818245177895493
Germany,1952,69145952,0.0
Germany,1957,71019069,2.7089322596932357
Germany,1962,73739117,3.8300248627590427
Germany,1967,76368453,3.565727536444463
Germany,1972,78717088,3.0753994715592836
Germany,1977,78160773,-0.706727108604424
Germany,1982,78335266,0.2232488156175221
Germany,1987,77718298,-0.7875992914864169
Germany,1992,80597764,3.705003936138694
Germany,1997,82011073,1.7535337580829164
Germany,2002,82350671,0.4140879854114334
Germany,2007,82400996,0.061110613172781554
Ghana,1952,5581001,0.0
Ghana,1957,6391288,14.518667887714049
Ghana,1962,7355248,15.082405925065496
Ghana,1967,8490213,15.43068296269548
Ghana,1972,9354120,10.175327756794793
Ghana,1977,10538093,12.65723552830197
Ghana,1982,11400338,8.182172998473252
Ghana,1987,14168101,24.27790298849034
Ghana,1992,16278738,14.89710582949684
Ghana,1997,18418288,13.143217858779963
Ghana,2002,20550751,11.57796533532324
Ghana,2007,22873338,11.301713499423938
Greece,1952,7733250,0.0
Greece,1957,8096218,4.693602301748942
Greece,1962,8448233,4.347894288419606
Greece,1967,8716441,3.1747230456356967
Greece,1972,8888628,1.9754278150910447
Greece,1977,9308479,4.7234623836209595
Greece,1982,9786480,5.135113910661452
Greece,1987,9974490,1.9211197488780438
Greece,1992,10325429,3.5183653500078704
Greece,1997,10502372,1.7136624541217609
Greece,2002,10603863,0.9663626464573907
Greece,2007,10706290,0.9659404313314874
Guatemala,1952,3146381,0.0
Guatemala,1957,3640876,15.716310262488872
Guatemala,1962,4208858,15.60014677786335
Guatemala,1967,4690773,11.450018033395281
Guatemala,1972,5149581,9.781074462567258
Guatemala,1977,5703430,10.755224551279026
Guatemala,1982,6395630,12.136556423064718
Guatemala,1987,7326406,14.553312183475278
Guatemala,1992,8486949,15.840549923113734
Guatemala,1997,9803875,15.517072153962513
Guatemala,2002,11178650,14.022771608165138
Guatemala,2007,12572928,12.472686773447599
Guinea,1952,2664249,0.0
Guinea,1957,2876726,7.975117941303535
Guinea,1962,3140003,9.151966506368698
Guinea,1967,3451418,9.917665683758901
Guinea,1972,3811387,10.42959734230974
Guinea,1977,4227026,10.905190157808693
Guinea,1982,4710497,11.437615950315896
Guinea,1987,5650262,19.950442596609232
Guinea,1992,6990574,23.72123628957383
Guinea,1997,8048834,15.138384916603414
Guinea,2002,8807818,9.429738518647547
Guinea,2007,9947814,12.943001319963695
Guinea-Bissau,1952,580653,0.0
Guinea-Bissau,1957,601095,3.520519139658281
Guinea-Bissau,1962,627820,4.44605262063401
Guinea-Bissau,1967,601287,-4.226211334458921
Guinea-Bissau,1972,625361,4.003745299665551
Guinea-Bissau,1977,745228,19.167648766072716
Guinea-Bissau,1982,825987,10.83681772558197
Guinea-Bissau,1987,927524,12.292808482457957
Guinea-Bissau,1992,1050938,13.305747344543107
Guinea-Bissau,1997,1193708,13.585006917629775
Guinea-Bissau,2002,1332459,11.623529372342315
Guinea-Bissau,2007,1472041,10.475519321795266
Haiti,1952,3201488,0.0
Haiti,1957,3507701,9.56470866047288
Haiti,1962,3880130,10.617467110224046
Haiti,1967,4318137,11.288461984521138
Haiti,1972,4698301,8.80388926984021
Haiti,1977,4908554,4.475085781008922
Haiti,1982,5198399,5.904895820642902
Haiti,1987,5756203,10.730303695426228
Haiti,1992,6326682,9.910682441185621
Haiti,1997,6913545,9.275999647208442
Haiti,2002,7607651,10.039798685045081
Haiti,2007,8502814,11.766614951185327
Honduras,1952,1517453,0.0
Honduras,1957,1770390,16.66852284716561
Honduras,1962,2090162,18.062234874801597
Honduras,1967,2500689,19.64091778531999
Honduras,1972,2965146,18.57316123676315
Honduras,1977,3055235,3.0382652321335946
Honduras,1982,3669448,20.103625416702805
Honduras,1987,4372203,19.15151815749944
Honduras,1992,5077347,16.127887932010477
Honduras,1997,5867957,15.571321006817143
Honduras,2002,6677328,13.793062900767678
Honduras,2007,7483763,12.077211123970546
"Hong Kong, China",1952,2125900,0.0
"Hong Kong, China",1957,2736300,28.712545274942375
"Hong Kong, China",1962,3305200,20.790848956620252
"Hong Kong, China",1967,3722800,12.634636330630522
"Hong Kong, China",1972,4115700,10.553884173202965
"Hong Kong, China",1977,4583700,11.37109118740433
"Hong Kong, China",1982,5264500,14.852629971420466
"Hong Kong, China",1987,5584510,6.078639946813563
"Hong Kong, China",1992,5829696,4.390465770497322
"Hong Kong, China",1997,6495918,11.428074465632514
"Hong Kong, China",2002,6762476,4.103469286404169
"Hong Kong, China",2007,6980412,3.222724930927666
Hungary,1952,9504000,0.0
Hungary,1957,9839000,3.52483164983165
Hungary,1962,10063000,2.276654131517431
Hungary,1967,10223422,1.594176686872702
Hungary,1972,10394091,1.6693921076524083
Hungary,1977,10637171,2.3386364425710724
Hungary,1982,10705535,0.6426896775467839
Hungary,1987,10612740,-0.8667946067151244
Hungary,1992,10348684,-2.4881039203824837
Hungary,1997,10244684,-1.0049586981301197
Hungary,2002,10083313,-1.5751681555038692
Hungary,2007,9956108,-1.261539734014009
Iceland,1952,147962,0.0
Iceland,1957,165110,11.58946215920304
Iceland,1962,182053,10.261643752649748
Iceland,1967,198676,9.130857497541925
Iceland,1972,209275,5.3348164851315705
Iceland,1977,221823,5.995938358619042
Iceland,1982,233997,5.488159478503131
Iceland,1987,244676,4.56373372308192
Iceland,1992,259012,5.85917703411859
Iceland,1997,271192,4.702484826957824
Iceland,2002,288030,6.208885217853035
Iceland,2007,301931,4.826233378467521
India,1952,372000000,0.0
India,1957,409000000,9.946236559139784
India,1962,454000000,11.00244498777506
India,1967,506000000,11.45374449339207
India,1972,567000000,12.055335968379447
India,1977,634000000,11.816578483245149
India,1982,708000000,11.67192429022082
India,1987,788000000,11.299435028248588
India,1992,872000000,10.65989847715736
India,1997,959000000,9.977064220183486
India,2002,1034172547,7.838638894681961
India,2007,1110396331,7.3705093237211985
Indonesia,1952,82052000,0.0
Indonesia,1957,90124000,9.837663920440697
Indonesia,1962,99028000,9.879721272912874
Indonesia,1967,109343000,10.416245910247607
Indonesia,1972,121282000,10.918851686893536
Indonesia,1977,136725000,12.73313434804835
Indonesia,1982,153343000,12.154324373742915
Indonesia,1987,169276000,10.390431907553655
Indonesia,1992,184816000,9.180273635955482
Indonesia,1997,199278000,7.825080079646783
Indonesia,2002,211060000,5.912343560252512
Indonesia,2007,223547000,5.916327110774187
Iran,1952,17272000,0.0
Iran,1957,19792000,14.59008800370542
Iran,1962,22874000,15.57194826192401
Iran,1967,26538000,16.018186587391796
Iran,1972,30614000,15.359107694626573
Iran,1977,35480679,15.896906644019076
Iran,1982,43072751,21.397764118324794
Iran,1987,51889696,20.469890581170446
Iran,1992,60397973,16.396852662231822
Iran,1997,63327987,4.85117935994309
Iran,2002,66907826,5.652854558601397
Iran,2007,69453570,3.804852365103
Iraq,1952,5441766,0.0
Iraq,1957,6248643,14.82748431299692
Iraq,1962,7240260,15.869317546225636
Iraq,1967,8519282,17.665415330388686
Iraq,1972,10061506,18.102746217345548
Iraq,1977,11882916,18.10275718167837
Iraq,1982,14173318,19.27474704020461
Iraq,1987,16543189,16.720650732594866
Iraq,1992,17861905,7.971353044446268
Iraq,1997,20775703,16.31291847090218
Iraq,2002,24001816,15.528297646534512
Iraq,2007,27499638,14.573155631223905
Ireland,1952,2952156,0.0
Ireland,1957,2878220,-2.5044746957816595
Ireland,1962,2830000,-1.6753410093738492
Ireland,1967,2900100,2.4770318021201416
Ireland,1972,3024400,4.286059101410297
Ireland,1977,3271900,8.1834413437376
Ireland,1982,3480000,6.360218833093921
Ireland,1987,3539900,1.721264367816092
Ireland,1992,3557761,0.504562275770502
Ireland,1997,3667233,3.0769913999282132
Ireland,2002,3879155,5.778798347418885
Ireland,2007,4109086,5.927347579563075
Israel,1952,1620914,0.0
Israel,1957,1944401,19.957073601683987
Israel,1962,2310904,18.849146858081227
Israel,1967,2693585,16.559796512533623
Israel,1972,3095893,14.935782609422017
Israel,1977,3495918,12.921150698683709
Israel,1982,3858421,10.369322163734962
Israel,1987,4203148,8.93440606921847
Israel,1992,4936550,17.448874034414207
Israel,1997,5531387,12.049650059251906
Israel,2002,6029529,9.00573400487075
Israel,2007,6426679,6.586749976656551
Italy,1952,47666000,0.0
Italy,1957,49182000,3.1804640624344396
Italy,1962,50843200,3.3776584929445734
Italy,1967,52667100,3.58730371023067
Italy,1972,54365564,3.2249051115402216
Italy,1977,56059245,3.1153562575015314
Italy,1982,56535636,0.8497991722863909
Italy,1987,56729703,0.34326490994105024
Italy,1992,56840847,0.19591852966337583
Italy,1997,57479469,1.12352653717493
Italy,2002,57926999,0.7785910478748508
Italy,2007,58147733,0.3810554729410374
Jamaica,1952,1426095,0.0
Jamaica,1957,1535090,7.642898965356445
Jamaica,1962,1665128,8.471034271606225
Jamaica,1967,1861096,11.768945090107188
Jamaica,1972,1997616,7.335462544651109
Jamaica,1977,2156814,7.969399524232886
Jamaica,1982,2298309,6.560370991657138
Jamaica,1987,2326606,1.2312095545028976
Jamaica,1992,2378618,2.2355310697213024
Jamaica,1997,2531311,6.419399836375576
Jamaica,2002,2664659,5.267942184899446
Jamaica,2007,2780132,4.333500083875648
Japan,1952,86459025,0.0
Japan,1957,91563009,5.90335595387526
Japan,1962,95831757,4.662087939901582
Japan,1967,100825279,5.210717361677925
Japan,1972,107188273,6.3109113737240445
Japan,1977,113872473,6.235943366677808
Japan,1982,118454974,4.024239466547811
Japan,1987,122091325,3.0698170597715886
Japan,1992,124329269,1.8330082010331201
Japan,1997,125956499,1.3088068586649535
Japan,2002,127065841,0.8807342287276498
Japan,2007,127467972,0.3164745118241495
Jordan,1952,607914,0.0
Jordan,1957,746559,22.806679892221595
Jordan,1962,933559,25.048254726016296
Jordan,1967,1255058,34.437994813396905
Jordan,1972,1613551,28.563859200132587
Jordan,1977,1937652,20.08619498237118
Jordan,1982,2347031,21.127581216854214
Jordan,1987,2820042,20.153589790675966
Jordan,1992,3867409,37.14012060813279
Jordan,1997,4526235,17.03533295806055
Jordan,2002,5307470,17.26015109688295
Jordan,2007,6053193,14.050442112720374
Kenya,1952,6464046,0.0
Kenya,1957,7454779,15.326824716284507
Kenya,1962,8678557,16.41601984445146
Kenya,1967,10191512,17.433255321132304
Kenya,1972,12044785,18.18447547331544
Kenya,1977,14500404,20.387404175333973
Kenya,1982,17661452,21.79972364907902
Kenya,1987,21198082,20.024571026210076
Kenya,1992,25020539,18.032088940876818
Kenya,1997,28263827,12.962502526424391
Kenya,2002,31386842,11.049512155590254
Kenya,2007,35610177,13.455750024166177
"Korea, Dem. Rep.",1952,8865488,0.0
"Korea, Dem. Rep.",1957,9411381,6.1575065016161545
"Korea, Dem. Rep.",1962,10917494,16.00310305150753
"Korea, Dem. Rep.",1967,12617009,15.566896579013461
"Korea, Dem. Rep.",1972,14781241,17.15328886584768
"Korea, Dem. Rep.",1977,16325320,10.446206783314068
"Korea, Dem. Rep.",1982,17647518,8.099063295543365
"Korea, Dem. Rep.",1987,19067554,8.046661292539834
"Korea, Dem. Rep.",1992,20711375,8.621037601361978
"Korea, Dem. Rep.",1997,21585105,4.218599682541599
"Korea, Dem. Rep.",2002,22215365,2.919883873624891
"Korea, Dem. Rep.",2007,23301725,4.890128971547395
"Korea, Rep.",1952,20947571,0.0
"Korea, Rep.",1957,22611552,7.9435510685224555
"Korea, Rep.",1962,26420307,16.844288264688775
"Korea, Rep.",1967,30131000,14.044851939078528
"Korea, Rep.",1972,33505000,11.197769738807208
"Korea, Rep.",1977,36436000,8.747948067452619
"Korea, Rep.",1982,39326000,7.931715885388077
"Korea, Rep.",1987,41622000,5.838376646493415
"Korea, Rep.",1992,43805450,5.245903608668493
"Korea, Rep.",1997,46173816,5.4065555769887075
"Korea, Rep.",2002,47969150,3.8882079835030314
"Korea, Rep.",2007,49044790,2.242357848742369
Kuwait,1952,160000,0.0
Kuwait,1957,212846,33.02875
Kuwait,1962,358266,68.3216973774466
Kuwait,1967,575003,60.4961118275248
Kuwait,1972,841934,46.42254040413702
Kuwait,1977,1140357,35.44493986464497
Kuwait,1982,1497494,31.31799953874094
Kuwait,1987,1891487,26.310155499788312
Kuwait,1992,1418095,-25.02750481499476
Kuwait,1997,1765345,24.487075971638006
Kuwait,2002,2111561,19.611803925011824
Kuwait,2007,2505559,18.65908680829017
Lebanon,1952,1439529,0.0
Lebanon,1957,1647412,14.441042868882809
Lebanon,1962,1886848,14.534069194591273
Lebanon,1967,2186894,15.901969846007733
Lebanon,1972,2680018,22.54905816194109
Lebanon,1977,3115787,16.25992810496049
Lebanon,1982,3086876,-0.9278875609918136
Lebanon,1987,3089353,0.08024293816790827
Lebanon,1992,3219994,4.228749514866058
Lebanon,1997,3430388,6.533987330411175
Lebanon,2002,3677780,7.211778959114828
Lebanon,2007,3921278,6.620787540309643
Lesotho,1952,748747,0.0
Lesotho,1957,813338,8.626545415207005
Lesotho,1962,893143,9.81203386537946
Lesotho,1967,996380,11.558843320722438
Lesotho,1972,1116779,12.083642786888536
Lesotho,1977,1251524,12.065502664358839
Lesotho,1982,1411807,12.807025674297895
Lesotho,1987,1599200,13.273273188190737
Lesotho,1992,1803195,12.756065532766383
Lesotho,1997,1982823,9.961651402094615
Lesotho,2002,2046772,3.2251491938513928
Lesotho,2007,2012649,-1.6671617551930553
Liberia,1952,863308,0.0
Liberia,1957,975950,13.047718774759415
Liberia,1962,1112796,14.021824888570112
Liberia,1967,1279406,14.972196161740337
Liberia,1972,1482628,15.884089960497294
Liberia,1977,1703617,14.905222348424555
Liberia,1982,1956875,14.865900023303361
Liberia,1987,2269414,15.971331842861705
Liberia,1992,1912974,-15.706257210011042
Liberia,1997,2200725,15.042075846300055
Liberia,2002,2814651,27.896534096718128
Liberia,2007,3193942,13.475596086335392
Libya,1952,1019729,0.0
Libya,1957,1201578,17.833071335619564
Libya,1962,1441863,19.997453348846268
Libya,1967,1759224,22.01048227189407
Libya,1972,2183877,24.138654315766498
Libya,1977,2721783,24.630782777601485
Libya,1982,3344074,22.863358320630265
Libya,1987,3799845,13.629213946820554
Libya,1992,4364501,14.859974551593552
Libya,1997,4759670,9.054162205484658
Libya,2002,5368585,12.793218857609876
Libya,2007,6036914,12.448885507074955
Madagascar,1952,4762912,0.0
Madagascar,1957,5181679,8.79224726385875
Madagascar,1962,5703324,10.067103732207263
Madagascar,1967,6334556,11.067791344135456
Madagascar,1972,7082430,11.806257613003973
Madagascar,1977,8007166,13.056761591713578
Madagascar,1982,9171477,14.540862522395564
Madagascar,1987,10568642,15.233805852645107
Madagascar,1992,12210395,15.534190674639184
Madagascar,1997,14165114,16.00864673092066
Madagascar,2002,16473477,16.296113112820695
Madagascar,2007,19167654,16.35463478657238
Malawi,1952,2917802,0.0
Malawi,1957,3221238,10.399471931268812
Malawi,1962,3628608,12.646380056363423
Malawi,1967,4147252,14.293194525283525
Malawi,1972,4730997,14.075464910258647
Malawi,1977,5637246,19.155560656664967
Malawi,1982,6502825,15.354643029592818
Malawi,1987,7824747,20.32842649156328
Malawi,1992,10014249,27.981760943836264
Malawi,1997,10419991,4.051646808462621
Malawi,2002,11824495,13.478936786029855
Malawi,2007,13327079,12.707384120844061
Malaysia,1952,6748378,0.0
Malaysia,1957,7739235,14.682891207339008
Malaysia,1962,8906385,15.080947923147441
Malaysia,1967,10154878,14.017954534864593
Malaysia,1972,11441462,12.669615528615902
Malaysia,1977,12845381,12.270451101441408
Malaysia,1982,14441916,12.42886450779467
Malaysia,1987,16331785,13.08599911535284
Malaysia,1992,18319502,12.170849665238674
Malaysia,1997,20476091,11.772094023079886
Malaysia,2002,22662365,10.677203964369957
Malaysia,2007,24821286,9.526459396448693
Mali,1952,3838168,0.0
Mali,1957,4241884,10.518455679897285
Mali,1962,4690372,10.572849233972452
Mali,1967,5212416,11.130119316762082
Mali,1972,5828158,11.812986530622268
Mali,1977,6491649,11.384231518774886
Mali,1982,6998256,7.803980159740615
Mali,1987,7634008,9.084434750600721
Mali,1992,8416215,10.246347659054065
Mali,1997,9384984,11.51074443796885
Mali,2002,10580176,12.735152238938289
Mali,2007,12031795,13.720178189852419
Mauritania,1952,1022556,0.0
Mauritania,1957,1076852,5.309831441994374
Mauritania,1962,1146757,6.4916070174917255
Mauritania,1967,1230542,7.306255815312223
Mauritania,1972,1332786,8.30885902309714
Mauritania,1977,1456688,9.296466199374844
Mauritania,1982,1622136,11.357819931241282
Mauritania,1987,1841240,13.50712887205512
Mauritania,1992,2119465,15.110740587864699
Mauritania,1997,2444741,15.347080513242728
Mauritania,2002,2828858,15.711971124957614
Mauritania,2007,3270065,15.596647127568794
Mauritius,1952,516556,0.0
Mauritius,1957,609816,18.054189671594173
Mauritius,1962,701016,14.955330788303357
Mauritius,1967,789309,12.595004964223355
Mauritius,1972,851334,7.858139207838755
Mauritius,1977,913025,7.246392132817438
Mauritius,1982,992040,8.65419895402645
Mauritius,1987,1042663,5.102919237127535
Mauritius,1992,1096202,5.134832635281007
Mauritius,1997,1149818,4.891069346707997
Mauritius,2002,1200206,4.382258757472922
Mauritius,2007,1250882,4.2222751760947705
Mexico,1952,30144317,0.0
Mexico,1957,35015548,16.159699355603248
Mexico,1962,41121485,17.437787922096778
Mexico,1967,47995559,16.716502334485245
Mexico,1972,55984294,16.644737901687947
Mexico,1977,63759976,13.88904180876158
Mexico,1982,71640904,12.360305781796404
Mexico,1987,80122492,11.839029836921098
Mexico,1992,88111030,9.970406312374807
Mexico,1997,95895146,8.834439910644559
Mexico,2002,102479927,6.866646826941585
Mexico,2007,108700891,6.070421966635476
Mongolia,1952,800663,0.0
Mongolia,1957,882134,10.175442102357671
Mongolia,1962,1010280,14.526817921086819
Mongolia,1967,1149500,13.780338124084412
Mongolia,1972,1320500,14.87603305785124
Mongolia,1977,1528000,15.713744793638773
Mongolia,1982,1756032,14.923560209424084
Mongolia,1987,2015133,14.754913350098404
Mongolia,1992,2312802,14.771680082654596
Mongolia,1997,2494803,7.8692858273211455
Mongolia,2002,2674234,7.192191126914631
Mongolia,2007,2874127,7.474775954535017
Montenegro,1952,413834,0.0
Montenegro,1957,442829,7.006432530918194
Montenegro,1962,474528,7.1582936076905535
Montenegro,1967,501035,5.5859717445545884
Montenegro,1972,527678,5.31759258335246
Montenegro,1977,560073,6.139160624471742
Montenegro,1982,562548,0.44190668002206857
Montenegro,1987,569473,1.231006065260209
Montenegro,1992,621621,9.157238358973999
Montenegro,1997,692651,11.426576643967948
Montenegro,2002,720230,3.981658872938897
Montenegro,2007,684736,-4.928147952737319
Morocco,1952,9939217,0.0
Morocco,1957,11406350,14.761052102997652
Morocco,1962,13056604,14.467853432517852
Morocco,1967,14770296,13.125097460258425
Morocco,1972,16660670,12.79848420099367
Morocco,1977,18396941,10.421375610944818
Morocco,1982,20198730,9.793959767550486
Morocco,1987,22987397,13.806150188650474
Morocco,1992,25798239,12.227752450614569
Morocco,1997,28529501,10.58700944665254
Morocco,2002,31167783,9.247557466918192
Morocco,2007,33757175,8.307912051364063
Mozambique,1952,6446316,0.0
Mozambique,1957,7038035,9.179180791013037
Mozambique,1962,7788944,10.66929903019806
Mozambique,1967,8680909,11.451680741317437
Mozambique,1972,9809596,13.001944842412241
Mozambique,1977,11127868,13.438596248000428
Mozambique,1982,12587223,13.114416885606477
Mozambique,1987,12891952,2.4209390744884716
Mozambique,1992,13160731,2.084858832859446
Mozambique,1997,16603334,26.15814425505696
Mozambique,2002,18473780,11.265484390062863
Mozambique,2007,19951656,7.999857094758084
Myanmar,1952,20092996,0.0
Myanmar,1957,21731844,8.156314767593644
Myanmar,1962,23634436,8.754857618157024
Myanmar,1967,25870271,9.460073428449912
Myanmar,1972,28466390,10.035144200847375
Myanmar,1977,31528087,10.755480410406799
Myanmar,1982,34680442,9.998560965655798
Myanmar,1987,38028578,9.654248351275339
Myanmar,1992,40546538,6.621231012108842
Myanmar,1997,43247867,6.662292598199136
Myanmar,2002,45598081,5.434288817064665
Myanmar,2007,47761980,4.745592254200346
Namibia,1952,485831,0.0
Namibia,1957,548080,12.812891725723555
Namibia,1962,621392,13.37614946723106
Namibia,1967,706640,13.71887632927363
Namibia,1972,821782,16.294294124306578
Namibia,1977,977026,18.89114144627164
Namibia,1982,1099010,12.48523580744013
Namibia,1987,1278184,16.30321835106141
Namibia,1992,1554253,21.59853354446621
Namibia,1997,1774766,14.187715899535016
Namibia,2002,1972153,11.12186057204161
Namibia,2007,2055080,4.2048968817328065
Nepal,1952,9182536,0.0
Nepal,1957,9682338,5.442962597696323
Nepal,1962,10332057,6.710352396291061
Nepal,1967,11261690,8.997559730845465
Nepal,1972,12412593,10.219629558263458
Nepal,1977,13933198,12.250502372872454
Nepal,1982,15796314,13.37177581198516
Nepal,1987,17917180,13.426334776581422
Nepal,1992,20326209,13.445358030672239
Nepal,1997,23001113,13.159876492463498
Nepal,2002,25873917,12.489847773888158
Nepal,2007,28901790,11.702414443085676
Netherlands,1952,10381988,0.0
Netherlands,1957,11026383,6.206855565619994
Netherlands,1962,11805689,7.067648566170792
Netherlands,1967,12596822,6.701286134168027
Netherlands,1972,13329874,5.819340782937156
Netherlands,1977,13852989,3.924380680567573
Netherlands,1982,14310401,3.3019011276194616
Netherlands,1987,14665278,2.479853639321498
Netherlands,1992,15174244,3.470551325382308
Netherlands,1997,15604464,2.835198906779145
Netherlands,2002,16122830,3.321908397494461
Netherlands,2007,16570613,2.7773225916293853
New Zealand,1952,1994794,0.0
New Zealand,1957,2229407,11.761264571680083
New Zealand,1962,2488550,11.623853338578376
New Zealand,1967,2728150,9.628096682807257
New Zealand,1972,2929100,7.365797335190513
New Zealand,1977,3164900,8.050254344337851
New Zealand,1982,3210650,1.4455433031059433
New Zealand,1987,3317166,3.3175836668587357
New Zealand,1992,3437674,3.63286009804755
New Zealand,1997,3676187,6.9382088004854445
New Zealand,2002,3908037,6.306806481824783
New Zealand,2007,4115771,5.315558680739205
Nicaragua,1952,1165790,0.0
Nicaragua,1957,1358828,16.558556858439342
Nicaragua,1962,1590597,17.056536956848106
Nicaragua,1967,1865490,17.282378880382648
Nicaragua,1972,2182908,17.015261405850474
Nicaragua,1977,2554598,17.027286537041412
Nicaragua,1982,2979423,16.629818077051652
Nicaragua,1987,3344353,12.248344729835274
Nicaragua,1992,4017939,20.14099588171464
Nicaragua,1997,4609572,14.724788006985671
Nicaragua,2002,5146848,11.655659137117286
Nicaragua,2007,5675356,10.268576029445594
Niger,1952,3379468,0.0
Niger,1957,3692184,9.253409116464486
Niger,1962,4076008,10.395581585316442
Niger,1967,4534062,11.237809150521786
Niger,1972,5060262,11.605487529725002
Niger,1977,5682086,12.28837558213389
Niger,1982,6437188,13.289168801739363
Niger,1987,7332638,13.910577102921337
Niger,1992,8392818,14.45837091644235
Niger,1997,9666252,15.172901402127389
Niger,2002,11140655,15.253099132942117
Niger,2007,12894865,15.746022114498654
Nigeria,1952,33119096,0.0
Nigeria,1957,37173340,12.241409004641914
Nigeria,1962,41871351,12.638119146678775
Nigeria,1967,47287752,12.935816186107777
Nigeria,1972,53740085,13.644829214973045
Nigeria,1977,62209173,15.759349840998576
Nigeria,1982,73039376,17.409334472265048
Nigeria,1987,81551520,11.65418499741838
Nigeria,1992,93364244,14.484983235137738
Nigeria,1997,106207839,13.756438706877978
Nigeria,2002,119901274,12.893054909063729
Nigeria,2007,135031164,12.618623218298747
Norway,1952,3327728,0.0
Norway,1957,3491938,4.934598020030483
Norway,1962,3638919,4.209152625275706
Norway,1967,3786019,4.042409297926115
Norway,1972,3933004,3.882310152167752
Norway,1977,4043205,2.8019549433461037
Norway,1982,4114787,1.770427173492316
Norway,1987,4186147,1.7342331449963266
Norway,1992,4286357,2.393848089902242
Norway,1997,4405672,2.783599219570372
Norway,2002,4535591,2.9489031412234046
Norway,2007,4627926,2.035787618416211
Oman,1952,507833,0.0
Oman,1957,561977,10.661772669361778
Oman,1962,628164,11.77752826183278
Oman,1967,714775,13.787959832145747
Oman,1972,829050,15.98754852925746
Oman,1977,1004533,21.166757131656716
Oman,1982,1301048,29.517696282750293
Oman,1987,1593882,22.507547761496884
Oman,1992,1915208,20.159961653372083
Oman,1997,2283635,19.23691839215375
Oman,2002,2713462,18.82205343673573
Oman,2007,3204897,18.110996210744798
Pakistan,1952,41346560,0.0
Pakistan,1957,46679944,12.899220636493098
Pakistan,1962,53100671,13.754787280807362
Pakistan,1967,60641899,14.201756508877262
Pakistan,1972,69325921,14.320168304755759
Pakistan,1977,78152686,12.73227224777872
Pakistan,1982,91462088,17.02999945516908
Pakistan,1987,105186881,15.005991334901516
Pakistan,1992,120065004,14.144466361731936
Pakistan,1997,135564834,12.909531906566214
Pakistan,2002,153403524,13.158788657536363
Pakistan,2007,169270617,10.34336929574056
Panama,1952,940080,0.0
Panama,1957,1063506,13.129308143987744
Panama,1962,1215725,14.312942287114506
Panama,1967,1405486,15.608875362438052
Panama,1972,1616384,15.00534334742573
Panama,1977,1839782,13.820849501108649
Panama,1982,2036305,10.681863394684806
Panama,1987,2253639,10.67295910976008
Panama,1992,2484997,10.265974275383059
Panama,1997,2734531,10.041621780629917
Panama,2002,2990875,9.374331466712208
Panama,2007,3242173,8.402156559535253
Paraguay,1952,1555876,0.0
Paraguay,1957,1770902,13.820253027876259
Paraguay,1962,2009813,13.490921575558671
Paraguay,1967,2287985,13.840690651319301
Paraguay,1972,2614104,14.253546242654563
Paraguay,1977,2984494,14.168908352536855
Paraguay,1982,3366439,12.797646770273285
Paraguay,1987,3886512,15.448757574398348
Paraguay,1992,4483945,15.371958197993472
Paraguay,1997,5154123,14.94616905425914
Paraguay,2002,5884491,14.17055821135817
Paraguay,2007,6667147,13.3003177335134
Peru,1952,8025700,0.0
Peru,1957,9146100,13.960153008460322
Peru,1962,10516500,14.983435562698855
Peru,1967,12132200,15.363476441781962
Peru,1972,13954700,15.022007550155783
Peru,1977,15990099,14.585759636538228
Peru,1982,18125129,13.352200008267618
Peru,1987,20195924,11.424994547625014
Peru,1992,22430449,11.064237516441436
Peru,1997,24748122,10.33270889940723
Peru,2002,26769436,8.167544995939489
Peru,2007,28674757,7.117523880592777
Philippines,1952,22438691,0.0
Philippines,1957,26072194,16.193025698335077
Philippines,1962,30325264,16.312666283474265
Philippines,1967,35356600,16.591235611337137
Philippines,1972,40850141,15.537526232725998
Philippines,1977,46850962,14.689841584634921
Philippines,1982,53456774,14.0996293736722
Philippines,1987,60017788,12.273494094499604
Philippines,1992,67185766,11.943089272133788
Philippines,1997,75012988,11.65011946131566
Philippines,2002,82995088,10.640957269959705
Philippines,2007,91077287,9.738165468298558
Poland,1952,25730551,0.0
Poland,1957,28235346,9.734711860620473
Poland,1962,30329617,7.417196162568718
Poland,1967,31785378,4.799800142547134
Poland,1972,33039545,3.945735677581056
Poland,1977,34621254,4.787320769701883
Poland,1982,36227381,4.6391358325726735
Poland,1987,37740710,4.177307214120723
Poland,1992,38370697,1.6692505254935586
Poland,1997,38654957,0.7408257400171804
Poland,2002,38625976,-0.07497356677954654
Poland,2007,38518241,-0.27891851846021964
Portugal,1952,8526050,0.0
Portugal,1957,8817650,3.4201066144345855
Portugal,1962,9019800,2.2925609431084246
Portugal,1967,9103000,0.9224151311559015
Portugal,1972,8970450,-1.4561133692189387
Portugal,1977,9662600,7.715889392393915
Portugal,1982,9859650,2.039306190880301
Portugal,1987,9915289,0.5643100921432302
Portugal,1992,9927680,0.12496862169120838
Portugal,1997,10156415,2.3040126192625063
Portugal,2002,10433867,2.731790695831157
Portugal,2007,10642836,2.002795320277707
Puerto Rico,1952,2227000,0.0
Puerto Rico,1957,2260000,1.4818140996856757
Puerto Rico,1962,2448046,8.320619469026548
Puerto Rico,1967,2648961,8.20715787203345
Puerto Rico,1972,2847132,7.481084092970791
Puerto Rico,1977,3080828,8.208119609487722
Puerto Rico,1982,3279001,6.432459066199087
Puerto Rico,1987,3444468,5.046262565946153
Puerto Rico,1992,3585176,4.085043031318625
Puerto Rico,1997,3759430,4.860402948139784
Puerto Rico,2002,3859606,2.664659270155316
Puerto Rico,2007,3942491,2.147498993420572
Reunion,1952,257700,0.0
Reunion,1957,308700,19.79045401629802
Reunion,1962,358900,16.261742792355037
Reunion,1967,414024,15.35915296740039
Reunion,1972,461633,11.499091840086564
Reunion,1977,492095,6.598748356378335
Reunion,1982,517810,5.225617004846625
Reunion,1987,562035,8.540777505262549
Reunion,1992,622191,10.703248018361846
Reunion,1997,684810,10.06427286797784
Reunion,2002,743981,8.640498824491464
Reunion,2007,798094,7.273438434583679
Romania,1952,16630000,0.0
Romania,1957,17829327,7.211828021647625
Romania,1962,18680721,4.7752447414307895
Romania,1967,19284814,3.2337777540813337
Romania,1972,20662648,7.144657967663054
Romania,1977,21658597,4.8200453301048345
Romania,1982,22356726,3.2233343646405164
Romania,1987,22686371,1.474477971416745
Romania,1992,22797027,0.4877642175559943
Romania,1997,22562458,-1.0289455725959356
Romania,2002,22404337,-0.7008146009623597
Romania,2007,22276056,-0.572572176538855
Rwanda,1952,2534927,0.0
Rwanda,1957,2822082,11.327939621140965
Rwanda,1962,3051242,8.120245974425973
Rwanda,1967,3451079,13.104073685404174
Rwanda,1972,3992121,15.677473624915569
Rwanda,1977,4657072,16.656584306938594
Rwanda,1982,5507565,18.262397489237873
Rwanda,1987,6349365,15.284431504666763
Rwanda,1992,7290203,14.817828239516864
Rwanda,1997,7212583,-1.0647165792228284
Rwanda,2002,7852401,8.870858054597083
Rwanda,2007,8860588,12.839219494776183
Sao Tome and Principe,1952,60011,0.0
Sao Tome and Principe,1957,61325,2.189598573594841
Sao Tome and Principe,1962,65345,6.555238483489605
Sao Tome and Principe,1967,70787,8.328104675185553
Sao Tome and Principe,1972,76595,8.204896379278681
Sao Tome and Principe,1977,86796,13.318101703766564
Sao Tome and Principe,1982,98593,13.591640167749667
Sao Tome and Principe,1987,110812,12.393374783199619
Sao Tome and Principe,1992,125911,13.625780601378912
Sao Tome and Principe,1997,145608,15.64358951958129
Sao Tome and Principe,2002,170372,17.007307290808196
Sao Tome and Principe,2007,199579,17.143075153194186
Saudi Arabia,1952,4005677,0.0
Saudi Arabia,1957,4419650,10.334657537290202
Saudi Arabia,1962,4943029,11.84209156833686
Saudi Arabia,1967,5618198,13.659013531986156
Saudi Arabia,1972,6472756,15.210535477745712
Saudi Arabia,1977,8128505,25.580278323483846
Saudi Arabia,1982,11254672,38.45931078347125
Saudi Arabia,1987,14619745,29.89934313501095
Saudi Arabia,1992,16945857,15.910756309361073
Saudi Arabia,1997,21229759,25.279937155140637
Saudi Arabia,2002,24501530,15.411248898303556
Saudi Arabia,2007,27601038,12.6502630652045
Senegal,1952,2755589,0.0
Senegal,1957,3054547,10.849150580873998
Senegal,1962,3430243,12.299565205577128
Senegal,1967,3965841,15.613995859768535
Senegal,1972,4588696,15.705496009547534
Senegal,1977,5260855,14.648148406431805
Senegal,1982,6147783,16.85900865923885
Senegal,1987,7171347,16.64931894961159
Senegal,1992,8307920,15.848807762335305
Senegal,1997,9535314,14.773782125971364
Senegal,2002,10870037,13.997682719205681
Senegal,2007,12267493,12.85603719656152
Serbia,1952,6860147,0.0
Serbia,1957,7271135,5.990950339693887
Serbia,1962,7616060,4.743757336371831
Serbia,1967,7971222,4.663329858220655
Serbia,1972,8313288,4.291261741298888
Serbia,1977,8686367,4.487742996513534
Serbia,1982,9032824,3.9885144157505668
Serbia,1987,9230783,2.1915516122089835
Serbia,1992,9826397,6.452475375057566
Serbia,1997,10336594,5.19210652693963
Serbia,2002,10111559,-2.177071093244061
Serbia,2007,10150265,0.38278963708761427
Sierra Leone,1952,2143249,0.0
Sierra Leone,1957,2295678,7.112052775949038
Sierra Leone,1962,2467895,7.501792498773782
Sierra Leone,1967,2662190,7.872903830997672
Sierra Leone,1972,2879013,8.144535138363528
Sierra Leone,1977,3140897,9.096311826309918
Sierra Leone,1982,3464522,10.30358524969141
Sierra Leone,1987,3868905,11.672115229748865
Sierra Leone,1992,4260884,10.13152300198635
Sierra Leone,1997,4578212,7.447468647351113
Sierra Leone,2002,5359092,17.056440374539232
Sierra Leone,2007,6144562,14.656773946034141
Singapore,1952,1127000,0.0
Singapore,1957,1445929,28.298935226264422
Singapore,1962,1750200,21.043287740961
Singapore,1967,1977600,12.992800822763112
Singapore,1972,2152400,8.838996763754045
Singapore,1977,2325300,8.032893514216688
Singapore,1982,2651869,14.044166344127639
Singapore,1987,2794552,5.380469397243981
Singapore,1992,3235865,15.791905106793505
Singapore,1997,3802309,17.50518022228987
Singapore,2002,4197776,10.400706518065734
Singapore,2007,4553009,8.462409618807673
Slovak Republic,1952,3558137,0.0
Slovak Republic,1957,3844277,8.041848866415204
Slovak Republic,1962,4237384,10.225771972206998
Slovak Republic,1967,4442238,4.834445025515743
Slovak Republic,1972,4593433,3.403577205903871
Slovak Republic,1977,4827803,5.102284065099023
Slovak Republic,1982,5048043,4.5619094233961075
Slovak Republic,1987,5199318,2.9967058521490406
Slovak Republic,1992,5302888,1.9919920266465718
Slovak Republic,1997,5383010,1.510912544258902
Slovak Republic,2002,5410052,0.5023583459811518
Slovak Republic,2007,5447502,0.692229945294426
Slovenia,1952,1489518,0.0
Slovenia,1957,1533070,2.9238988719840915
Slovenia,1962,1582962,3.254384992205183
Slovenia,1967,1646912,4.039894830071726
Slovenia,1972,1694510,2.8901362064275444
Slovenia,1977,1746919,3.0928705053378263
Slovenia,1982,1861252,6.544836938633101
Slovenia,1987,1945870,4.5462946446800325
Slovenia,1992,1999210,2.741190315899829
Slovenia,1997,2011612,0.6203450362893344
Slovenia,2002,2011497,-0.0057168082115238925
Slovenia,2007,2009245,-0.11195641852809128
Somalia,1952,2526994,0.0
Somalia,1957,2780415,10.028555667326476
Somalia,1962,3080153,10.78033315170577
Somalia,1967,3428839,11.320411680848322
Somalia,1972,3840161,11.995955482307568
Somalia,1977,4353666,13.371965394159254
Somalia,1982,5828892,33.88468476911182
Somalia,1987,6921858,18.750836351059515
Somalia,1992,6099799,-11.876276571983995
Somalia,1997,6633514,8.74971453977418
Somalia,2002,7753310,16.880886962777193
Somalia,2007,9118773,17.611355666160648
South Africa,1952,14264935,0.0
South Africa,1957,16151549,13.2255352022284
South Africa,1962,18356657,13.652610037588344
South Africa,1967,20997321,14.385320813043464
South Africa,1972,23935810,13.994590071752485
South Africa,1977,27129932,13.344532731501463
South Africa,1982,31140029,14.781080173735784
South Africa,1987,35933379,15.392888683565452
South Africa,1992,39964159,11.21736978868589
South Africa,1997,42835005,7.183551641859898
South Africa,2002,44433622,3.7320341155557233
South Africa,2007,43997828,-0.9807753236951964
Spain,1952,28549870,0.0
Spain,1957,29841614,4.524517975038065
Spain,1962,31158061,4.411447048406966
Spain,1967,32850275,5.431063248768915
Spain,1972,34513161,5.062015462579842
Spain,1977,36439000,5.580013375187512
Spain,1982,37983310,4.2380691017865475
Spain,1987,38880702,2.3625955715813074
Spain,1992,39549438,1.7199689450051596
Spain,1997,39855442,0.7737252802429203
Spain,2002,40152517,0.7453812706430405
Spain,2007,40448191,0.7363772487787005
Sri Lanka,1952,7982342,0.0
Sri Lanka,1957,9128546,14.359244442295257
Sri Lanka,1962,10421936,14.168631017469814
Sri Lanka,1967,11737396,12.62203106985113
Sri Lanka,1972,13016733,10.899666331441829
Sri Lanka,1977,14116836,8.451452449704545
Sri Lanka,1982,15410151,9.16150757861039
Sri Lanka,1987,16495304,7.041806404103373
Sri Lanka,1992,17587060,6.618586720196245
Sri Lanka,1997,18698655,6.320527706165784
Sri Lanka,2002,19576783,4.696209433245333
Sri Lanka,2007,20378239,4.093910628727917
Sudan,1952,8504667,0.0
Sudan,1957,9753392,14.682820620725067
Sudan,1962,11183227,14.659874226320444
Sudan,1967,12716129,13.707152684998706
Sudan,1972,14597019,14.791372437319565
Sudan,1977,17104986,17.181364222379926
Sudan,1982,20367053,19.07085454498472
Sudan,1987,24725960,21.40175606161579
Sudan,1992,28227588,14.161747410413994
Sudan,1997,32160729,13.933677223856321
Sudan,2002,37090298,15.32791436413024
Sudan,2007,42292929,14.026932326076217
Swaziland,1952,290243,0.0
Swaziland,1957,326741,12.574980275148755
Swaziland,1962,370006,13.241374666785008
Swaziland,1967,420690,13.698156246114928
Swaziland,1972,480105,14.123226128503175
Swaziland,1977,551425,14.855083783755637
Swaziland,1982,649901,17.858457632497622
Swaziland,1987,779348,19.91795673494886
Swaziland,1992,962344,23.480653058710615
Swaziland,1997,1054486,9.574746660237919
Swaziland,2002,1130269,7.186724148068348
Swaziland,2007,1133066,0.24746321450911246
Sweden,1952,7124673,0.0
Sweden,1957,7363802,3.3563505300523966
Sweden,1962,7561588,2.685922299377414
Sweden,1967,7867931,4.0513050962311095
Sweden,1972,8122293,3.232895662150571
Sweden,1977,8251648,1.592592141160138
Sweden,1982,8325260,0.8920884652374896
Sweden,1987,8421403,1.1548348039580747
Sweden,1992,8718867,3.5322380368211803
Sweden,1997,8897619,2.050174638516679
Sweden,2002,8954175,0.6356307232305631
Sweden,2007,9031088,0.8589624393090374
Switzerland,1952,4815000,0.0
Switzerland,1957,5126000,6.458982346832815
Switzerland,1962,5666000,10.534529847834568
Switzerland,1967,6063000,7.006706671373103
Switzerland,1972,6401400,5.5813953488372094
Switzerland,1977,6316424,-1.327459618208517
Switzerland,1982,6468126,2.401707041832531
Switzerland,1987,6649942,2.810953280749324
Switzerland,1992,6995447,5.195609224862412
Switzerland,1997,7193761,2.8349010434930033
Switzerland,2002,7361757,2.3353013812941517
Switzerland,2007,7554661,2.620352722862219
Syria,1952,3661549,0.0
Syria,1957,4149908,13.33749732695097
Syria,1962,4834621,16.499474205211296
Syria,1967,5680812,17.502737029438293
Syria,1972,6701172,17.961516769081605
Syria,1977,7932503,18.374860397554336
Syria,1982,9410494,18.632088761895204
Syria,1987,11242847,19.471379504625368
Syria,1992,13219062,17.577531740848205
Syria,1997,15081016,14.085371564185115
Syria,2002,17155814,13.757680517015563
Syria,2007,19314747,12.58426443653446
Taiwan,1952,8550362,0.0
Taiwan,1957,10164215,18.8746745459432
Taiwan,1962,11918938,17.263733598708804
Taiwan,1967,13648692,14.512652050040028
Taiwan,1972,15226039,11.556763094954448
Taiwan,1977,16785196,10.240069659614033
Taiwan,1982,18501390,10.22445016429954
Taiwan,1987,19757799,6.7908897655797755
Taiwan,1992,20686918,4.702543031235412
Taiwan,1997,21628605,4.552089392919719
Taiwan,2002,22454239,3.817324325817592
Taiwan,2007,23174294,3.206766437286073
Tanzania,1952,8322925,0.0
Tanzania,1957,9452826,13.575768134399866
Tanzania,1962,10863958,14.92814952904031
Tanzania,1967,12607312,16.047134939218285
Tanzania,1972,14706593,16.651297278912427
Tanzania,1977,17129565,16.475413442120825
Tanzania,1982,19844382,15.848721202202157
Tanzania,1987,23040630,16.10656356040717
Tanzania,1992,26605473,15.471985792055165
Tanzania,1997,30686889,15.340512833581272
Tanzania,2002,34593779,12.731463264327642
Tanzania,2007,38139640,10.24999610479098
Thailand,1952,21289402,0.0
Thailand,1957,25041917,17.626211389122158
Thailand,1962,29263397,16.85765510683547
Thailand,1967,34024249,16.268965629656734
Thailand,1972,39276153,15.435767590344168
Thailand,1977,44148285,12.404809605462123
Thailand,1982,48827160,10.59809005038361
Thailand,1987,52910342,8.362522006194913
Thailand,1992,56667095,7.100224375794055
Thailand,1997,60216677,6.263920887421527
Thailand,2002,62806748,4.301251960482642
Thailand,2007,65068149,3.6005701170835973
Togo,1952,1219113,0.0
Togo,1957,1357445,11.346938306785342
Togo,1962,1528098,12.571632736501295
Togo,1967,1735550,13.575830869486119
Togo,1972,2056351,18.484111664890094
Togo,1977,2308582,12.2659507058863
Togo,1982,2644765,14.562315741870984
Togo,1987,3154264,19.264433702049143
Togo,1992,3747553,18.809110461267668
Togo,1997,4320890,15.298969754397069
Togo,2002,4977378,15.193351369740956
Togo,2007,5701579,14.549849338346416
Trinidad and Tobago,1952,662850,0.0
Trinidad and Tobago,1957,764900,15.395640039224562
Trinidad and Tobago,1962,887498,16.027977513400444
Trinidad and Tobago,1967,960155,8.186722674304619
Trinidad and Tobago,1972,975199,1.5668303555155156
Trinidad and Tobago,1977,1039009,6.543279884413335
Trinidad and Tobago,1982,1116479,7.456143305784647
Trinidad and Tobago,1987,1191336,6.704738736689181
Trinidad and Tobago,1992,1183669,-0.6435631929195458
Trinidad and Tobago,1997,1138101,-3.84972488085774
Trinidad and Tobago,2002,1101832,-3.1867997655744085
Trinidad and Tobago,2007,1056608,-4.1044369740577515
Tunisia,1952,3647735,0.0
Tunisia,1957,3950849,8.309649686723406
Tunisia,1962,4286552,8.496983812846302
Tunisia,1967,4786986,11.674511355513708
Tunisia,1972,5303507,10.79010884928429
Tunisia,1977,6005061,13.228114905853804
Tunisia,1982,6734098,12.140376259291955
Tunisia,1987,7724976,14.714338876565206
Tunisia,1992,8523077,10.331436628411533
Tunisia,1997,9231669,8.313804979117284
Tunisia,2002,9770575,5.837579315289576
Tunisia,2007,10276158,5.174547045593529
Turkey,1952,22235677,0.0
Turkey,1957,25670939,15.449324974454342
Turkey,1962,29788695,16.040535174813826
Turkey,1967,33411317,12.161063114715164
Turkey,1972,37492953,12.216327778997757
Turkey,1977,42404033,13.098674836308572
Turkey,1982,47328791,11.613890593849883
Turkey,1987,52881328,11.731837815168362
Turkey,1992,58179144,10.018311189159244
Turkey,1997,63047647,8.368124151156298
Turkey,2002,67308928,6.758826384115493
Turkey,2007,71158647,5.719477511215154
Uganda,1952,5824797,0.0
Uganda,1957,6675501,14.604869491589149
Uganda,1962,7688797,15.179325117320783
Uganda,1967,8900294,15.756652178487741
Uganda,1972,10190285,14.493802114851487
Uganda,1977,11457758,12.438052517667563
Uganda,1982,12939400,12.931343112675272
Uganda,1987,15283050,18.112509080791998
Uganda,1992,18252190,19.427666597963103
Uganda,1997,21210254,16.206625068005536
Uganda,2002,24739869,16.641078414242468
Uganda,2007,29170398,17.908457801454
United Kingdom,1952,50430000,0.0
United Kingdom,1957,51430000,1.9829466587348803
United Kingdom,1962,53292000,3.620454987361462
United Kingdom,1967,54959000,3.1280492381595733
United Kingdom,1972,56079000,2.0378827853490784
United Kingdom,1977,56179000,0.17831987018313453
United Kingdom,1982,56339704,0.28605706758753274
United Kingdom,1987,56981620,1.1393670083889684
United Kingdom,1992,57866349,1.5526568040712074
United Kingdom,1997,58808266,1.627745686875804
United Kingdom,2002,59912431,1.8775676875084195
United Kingdom,2007,60776238,1.441782590995181
United States,1952,157553000,0.0
United States,1957,171984000,9.15945745241284
United States,1962,186538000,8.462415108382174
United States,1967,198712000,6.526284188744384
United States,1972,209896000,5.628245903619308
United States,1977,220239000,4.927678469337195
United States,1982,232187835,5.425394684865078
United States,1987,242803533,4.572030227165002
United States,1992,256894189,5.8033158850287405
United States,1997,272911760,6.235084982790327
United States,2002,287675526,5.4097214425644395
United States,2007,301139947,4.680419355520706
Uruguay,1952,2252965,0.0
Uruguay,1957,2424959,7.634117707110407
Uruguay,1962,2598466,7.1550488070107585
Uruguay,1967,2748579,5.776985344430137
Uruguay,1972,2829526,2.945049059896041
Uruguay,1977,2873520,1.5548187222877612
Uruguay,1982,2953997,2.800641721651494
Uruguay,1987,3045153,3.085852829234424
Uruguay,1992,3149262,3.418842994095863
Uruguay,1997,3262838,3.606432237140003
Uruguay,2002,3363085,3.072386676874549
Uruguay,2007,3447496,2.5099276408416675
Venezuela,1952,5439568,0.0
Venezuela,1957,6702668,23.220593988346135
Venezuela,1962,8143375,21.49453023780978
Venezuela,1967,9709552,19.23252951018466
Venezuela,1972,11515649,18.6012392744794
Venezuela,1977,13503563,17.2627178893695
Venezuela,1982,15620766,15.6788471309387
Venezuela,1987,17910182,14.656233887633935
Venezuela,1992,20265563,13.151072389995813
Venezuela,1997,22374398,10.406002537407916
Venezuela,2002,24287670,8.551166382219536
Venezuela,2007,26084662,7.398783003886335
Vietnam,1952,26246839,0.0
Vietnam,1957,28998543,10.483944371358394
Vietnam,1962,33796140,16.544269137935654
Vietnam,1967,39463910,16.77046550286512
Vietnam,1972,44655014,13.154053919137764
Vietnam,1977,50533506,13.164237279155259
Vietnam,1982,56142181,11.098923158033008
Vietnam,1987,62826491,11.906039061788496
Vietnam,1992,69940728,11.323626207295263
Vietnam,1997,76048996,8.73349216496574
Vietnam,2002,80908147,6.389500526739367
Vietnam,2007,85262356,5.381669413341032
West Bank and Gaza,1952,1030585,0.0
West Bank and Gaza,1957,1070439,3.867124012090221
West Bank and Gaza,1962,1133134,5.856942805708686
West Bank and Gaza,1967,1142636,0.8385592524802891
West Bank and Gaza,1972,1089572,-4.643998613731757
West Bank and Gaza,1977,1261091,15.741869284452978
West Bank and Gaza,1982,1425876,13.0668603613855
West Bank and Gaza,1987,1691210,18.608490499875163
West Bank and Gaza,1992,2104779,24.454029954884373
West Bank and Gaza,1997,2826046,34.268063297856926
West Bank and Gaza,2002,3389578,19.94065206298836
West Bank and Gaza,2007,4018332,18.54962476154849
"Yemen, Rep.",1952,4963829,0.0
"Yemen, Rep.",1957,5498090,10.763082289901606
"Yemen, Rep.",1962,6120081,11.312855919055528
"Yemen, Rep.",1967,6740785,10.142087988704725
"Yemen, Rep.",1972,7407075,9.88445707732853
"Yemen, Rep.",1977,8403990,13.458956470671621
"Yemen, Rep.",1982,9657618,14.917057254946759
"Yemen, Rep.",1987,11219340,16.17088188826686
"Yemen, Rep.",1992,13367997,19.151367192722564
"Yemen, Rep.",1997,15826497,18.390937699941134
"Yemen, Rep.",2002,18701257,18.16422168468487
"Yemen, Rep.",2007,22211743,18.77139060759392
Zambia,1952,2672000,0.0
Zambia,1957,3016000,12.874251497005988
Zambia,1962,3421000,13.428381962864721
Zambia,1967,3900000,14.00175387313651
Zambia,1972,4506497,15.551205128205128
Zambia,1977,5216550,15.75620709389133
Zambia,1982,6100407,16.943324611093537
Zambia,1987,7272406,19.211816523061493
Zambia,1992,8381163,15.246082245683205
Zambia,1997,9417789,12.368522125151367
Zambia,2002,10595811,12.508477308208965
Zambia,2007,11746035,10.85545976612833
Zimbabwe,1952,3080907,0.0
Zimbabwe,1957,3646340,18.3528097407679
Zimbabwe,1962,4277736,17.315883872595535
Zimbabwe,1967,4995432,16.777472943631867
Zimbabwe,1972,5861135,17.329892589870106
Zimbabwe,1977,6642107,13.32458644955286
Zimbabwe,1982,7636524,14.971408921897824
Zimbabwe,1987,9216418,20.68865363351179
Zimbabwe,1992,10704340,16.144254741918175
Zimbabwe,1997,11404948,6.545083582920573
Zimbabwe,2002,11926563,4.573585079037625
Zimbabwe,2007,12311143,3.224566876475645
